Feature,Importance
ctr,0.18146787521907184
impressions,0.15466688868622394
ad_spend,0.14783624690405744
clicks,0.14189639715190044
cpc,0.13452682224784468
hour,0.11601372894711393
dayofweek,0.07788881161293522
campaign_encoded,0.04570322923085258
